customer_id,customer_name,email,registration_date,customer_type
1,Allison Hill,donaldgarcia@example.net,2026-06-11,REGULAR
2,Leslie Johnson,robinsonwilliam@example.org,2025-09-27,REGULAR
3,Matthew Gardner,shaneramirez@example.org,2026-02-28,PREMIUM
4,Melissa Peterson,jasongallagher@example.org,2024-09-29,REGULAR
5,Ian Cooper,lindsay78@example.org,2026-07-05,REGULAR
6,Juan Calderon,barbara10@example.net,2025-01-12,REGULAR
7,Victoria Wyatt,jamesshawn@example.com,2024-11-22,REGULAR
8,Daniel Adams,lynchgeorge@example.net,2025-01-25,REGULAR
9,James Mayo,gabriellecameron@example.org,2025-01-12,REGULAR
10,Renee Morales,clarksherri@example.net,2025-03-20,REGULAR
11,Jonathan Wilkerson,ithomas@example.org,2026-02-17,PREMIUM
12,Deborah Richards,icox@example.net,2025-08-06,REGULAR
13,Anthony Rodriguez,laurahenderson@example.org,2025-05-13,REGULAR
14,Zachary Rice,frazierdanny@example.net,2026-02-22,REGULAR
15,Martin Rodriguez,amoore@example.net,2026-05-30,REGULAR
16,Valerie Gill,harrellkenneth@example.net,2025-08-17,PREMIUM
17,Brittany Farmer,georgetracy@example.org,2026-07-10,VIP
18,William Roman,brianhumphrey@example.org,2024-09-23,REGULAR
19,Rose Spence,davidalvarez@example.net,2024-11-24,REGULAR
20,Shane Henderson,sarahcampos@example.net,2024-12-22,REGULAR
21,Jennifer Powers,samuel87@example.org,2025-01-27,REGULAR
22,George Chapman,briannasmith@example.net,2025-11-21,REGULAR
23,Austin Johnson,chad34@example.net,2025-07-31,REGULAR
24,Carlos Walls,esanchez@example.com,2024-12-13,REGULAR
25,Matthew Gomez,uowens@example.org,2025-12-24,REGULAR
26,Maria Brown,lauren13@example.org,2024-12-13,REGULAR
27,Brenda White,ewright@example.com,2026-04-07,VIP
28,Krista Williams,novaksara@example.org,2024-11-25,REGULAR
29,John Hancock,martinaaron@example.com,2025-02-09,PREMIUM
30,Rachel Mitchell,smoore@example.org,2024-09-02,REGULAR
31,Kimberly Adkins,williamsthomas@example.net,2024-11-18,REGULAR
32,Jordan York,larsonemma@example.org,2025-05-28,PREMIUM
33,Steve Sanchez,harveyrobert@example.net,2025-10-01,PREMIUM
34,Taylor Harris,john62@example.net,2025-12-02,REGULAR
35,Eugene Walton,smithchristine@example.net,2024-10-04,REGULAR
36,Daniel Baker,nicole35@example.com,2024-11-18,VIP
37,Joshua Turner,contrerasangela@example.net,2024-10-07,REGULAR
38,Brandy Wilson,newtoneric@example.com,2025-10-31,REGULAR
39,Grant Watts,william40@example.org,2025-11-23,REGULAR
40,Donald Smith,danagreen@example.net,2025-06-27,REGULAR
41,Jessica Smith,landryhannah@example.org,2025-09-15,REGULAR
42,Jacob Tran,tanderson@example.com,2026-06-17,PREMIUM
43,Valerie Williams,jason31@example.com,2026-03-16,REGULAR
44,Shelly Dickson,sarayoung@example.org,2026-04-01,REGULAR
45,Sierra Johnson,kimberly63@example.com,2024-11-19,REGULAR
46,Ashley Brennan,dwalker@example.com,2025-03-13,REGULAR
47,Shelby Walker,raymondramirez@example.org,2026-03-11,REGULAR
48,Martin Ross,sheila14@example.org,2025-10-12,REGULAR
49,Deborah Rodriguez,yreed@example.com,2025-06-22,REGULAR
50,Kayla Cruz,jonathanfletcher@example.org,2025-08-26,PREMIUM
51,Kimberly Ball,michaeljones@@example.net,2026-07-04,REGULAR
52,Erik Charles,william65@example.com,2026-01-11,PREMIUM
53,Cameron Fisher,lbyrd@example.net,2025-10-04,REGULAR
54,Joshua Smith,jason99@example.net,2025-03-26,REGULAR
55,Jeremy Lewis,yleon@@example.net,2024-11-27,PREMIUM
56,Diane Beck,clarence34@example.org,2026-04-06,REGULAR
57,Alexander Sanchez,xcarr@example.org,2025-07-07,VIP
58,Mark Lee,psnyder@example.org,2025-12-10,REGULAR
59,Stephanie Dalton,osbornejeffery@example.net,2025-08-25,REGULAR
60,Justin Lowery,bryantlaurie@example.net,2025-09-04,PREMIUM
61,Linda Dodson DVM,jrivas@example.com,2026-06-15,PREMIUM
62,Scott Cole,maryramirez@example.net,2025-07-30,REGULAR
63,Denise Jones,jimmy55@example.net,2024-09-19,REGULAR
64,David Benson,calebrussell@example.net,2025-07-15,PREMIUM
65,Daniel Fisher,gateskathy@example.com,2025-07-24,REGULAR
66,Guy Molina,vmedina@example.net,2026-04-01,PREMIUM
67,Connie Robinson,ytucker@example.com,2025-12-20,REGULAR
68,Jennifer Martin,ncalhoun@example.net,2024-08-08,REGULAR
69,Leslie Alvarado,dayderek@example.com,2024-12-07,PREMIUM
70,James Lewis,matthew64@example.com,2025-01-30,REGULAR
71,Julie Curry,cookemichael@example.net,2024-09-10,REGULAR
72,Marissa Webster,jamessmith@example.org,2025-01-20,REGULAR
73,Michael Elliott,stevenscott@example.com,2024-11-26,REGULAR
74,Tracey Higgins,tamirodriguez@example.org,2026-07-10,REGULAR
75,Michael Rubio,mdavid@example.org,2025-10-21,VIP
76,Lori Garcia,melissa91@example.net,2026-03-18,REGULAR
77,Joseph Stanley,huntermatthew@example.com,2026-04-18,REGULAR
78,Jeffrey Cox PhD,bzimmerman@example.org,2026-02-08,REGULAR
79,Marie Gilbert,umarshall@example.net,2025-02-12,REGULAR
80,David Michael,nicole37@example.net,2025-11-05,REGULAR
81,Gabrielle Snyder,hunter35@example.com,2025-04-09,REGULAR
82,Kyle Beard,blackjames@example.org,2026-01-29,PREMIUM
83,Justin Allen,fbrewer@example.com,2026-03-26,REGULAR
84,Edward Sullivan,kevinperkins@example.com,2025-09-21,REGULAR
85,Jessica Reese,michael74@example.com,2025-01-30,VIP
86,Nathan Stewart,jamesrodgers@example.com,2026-02-01,REGULAR
87,Paige Carlson,wallkenneth@example.com,2024-12-05,PREMIUM
88,Michael Martinez,mccannangela@example.net,2024-10-25,REGULAR
89,Nicole Garcia,andrewstaylor@example.com,2025-04-09,REGULAR
90,Anthony Everett,ewilson@example.com,2025-08-04,PREMIUM
91,Mark Brown,lisaavery@example.org,2025-01-27,VIP
92,Phillip Obrien,kimberlyjames@example.com,2025-03-06,REGULAR
93,Wanda Torres,lynchjody@example.org,2025-11-16,PREMIUM
94,Matthew Moore,andreamoore@example.com,2025-07-03,REGULAR
95,Julie Johnson,jasmine71@example.net,2025-01-16,REGULAR
96,Rachel Weber,ronaldstephens@example.net,2024-11-11,REGULAR
97,Samantha Jones,lauralarson@example.net,2026-07-04,REGULAR
98,Caleb Barker,gbender@example.net,2025-08-06,REGULAR
99,Kyle Preston,cassandra01@example.org,2025-12-24,VIP
100,Laura Sampson,barbara27@example.net,2025-12-07,VIP
101,Donald Shea,fwalters@example.org,2025-07-19,PREMIUM
102,Gary Santiago,marksteele@example.com,2025-12-15,REGULAR
103,Robin Pierce,qmiller@example.com,2024-10-17,REGULAR
104,Jennifer Robertson,sandovalamy@example.com,2024-08-30,REGULAR
105,Isaiah Avila,nwolf@example.com,2025-09-18,REGULAR
106,Dwayne Gilmore,omartinez@example.net,2026-03-31,REGULAR
107,Christopher Pierce,hdavis@example.com,2024-10-18,VIP
108,Brittany Cantu,william46@example.com,2025-07-20,REGULAR
109,Juan Reyes,michellehill@example.com,2025-04-08,REGULAR
110,Katie Hoover,jessica99@example.net,2025-08-03,VIP
111,Jill Washington,andrea86@example.com,2026-07-13,REGULAR
112,Colin Terry,xhall@example.com,2024-08-21,REGULAR
113,John Mcintyre,qhughes@example.net,2024-11-14,REGULAR
114,Andrew Shaw MD,sawyerscott@example.net,2026-06-26,REGULAR
115,Nathan Ortiz,charlesharrington@example.com,2025-04-07,REGULAR
116,Jennifer Miller,melissa86@example.com,2025-11-17,REGULAR
117,Olivia Brennan,williamsonjimmy@example.net,2026-07-04,REGULAR
118,Darren Davis,hodgesjane@example.org,2025-06-28,PREMIUM
119,Elijah Johnson,laura45@example.com,2025-06-18,REGULAR
120,Joseph Knight,georgemiller@example.com,2025-11-12,REGULAR
121,Kathleen Aguilar,stevenking@example.com,2025-12-18,REGULAR
122,Robert Santana,charleslandry@example.net,2025-03-08,REGULAR
123,Jessica Wright,james67@example.org,2025-01-19,REGULAR
124,Ian Phillips,andrew64@example.org,2025-10-01,PREMIUM
125,Paula Beltran,swall@example.org,2025-11-02,REGULAR
126,Colleen Lee,erica21@example.net,2025-12-03,REGULAR
127,Richard Johnson,jessica14@example.com,2026-02-19,VIP
128,Curtis Buchanan,alyssa42@example.com,2026-06-28,REGULAR
129,Karen Drake,linda71@example.org,2026-02-24,REGULAR
130,Shannon Ramsey,zcoffey@example.net,2025-04-29,PREMIUM
131,James Baker,gibsonemily@example.net,2025-02-07,REGULAR
132,Samantha Bentley,leonardthomas@example.net,2026-06-05,PREMIUM
133,Erin Bishop,reidsteven@example.net,2025-03-10,REGULAR
134,Audrey Williams,torrestravis@example.org,2025-01-17,PREMIUM
135,Brandy Chavez,umatthews@@example.org,2026-06-06,REGULAR
136,Brett Burns,rcrosby@example.org,2026-01-06,VIP
137,Jeremy Sampson,cory58@example.net,2025-04-23,REGULAR
138,Donald Donaldson,ndavis@example.net,2025-11-27,REGULAR
139,Alison Buchanan,vanessabuchanan@example.org,2024-09-10,REGULAR
140,Kristen Willis,markhernandez@example.net,2024-07-21,REGULAR
141,William Huerta,lauren10@example.org,2024-07-30,REGULAR
142,Richard Chapman,thompsonbrian@example.net,2025-06-10,VIP
143,Nichole Alvarez,william17@example.net,2025-01-07,REGULAR
144,Amanda Logan,stephen00@example.com,2026-05-08,REGULAR
145,Michael Henry,fjonesexample.com,2025-11-03,REGULAR
146,Cameron Weber,oscar98@example.com,2025-07-06,PREMIUM
147,Jessica Mcguire,farrelldebra@example.net,2026-01-29,REGULAR
148,Jessica Beasley,dmorganexample.com,2025-06-07,VIP
149,Emily Edwards,nicholas27@example.org,2024-09-27,REGULAR
150,Anna Davis,lisa80@example.net,2025-09-28,REGULAR
151,Meagan Jenkins,uparrish@example.org,2025-02-27,REGULAR
152,Heather Lane,ericolson@example.org,2025-04-16,REGULAR
153,Holly Farmer,lindsaybruce@example.net,2025-11-07,VIP
154,Kristin Lynch,anthony44@example.com,2025-04-17,REGULAR
155,Sergio Knight,vjones@example.net,2024-08-11,PREMIUM
156,Joseph Bennett,xpeterson@example.com,2026-01-30,REGULAR
157,Todd Carlson,moorekaren@example.org,2025-12-24,VIP
158,Jeremy Coleman,nperry@example.net,2024-10-15,VIP
159,Brian Gregory,trose@example.org,2025-01-06,REGULAR
160,Kyle Smith,sierra24@example.com,2025-03-30,REGULAR
161,Jonathan Jordan,omarpadilla@example.net,2025-09-25,REGULAR
162,Renee Jones,grahamsteve@example.org,2026-05-19,PREMIUM
163,Jeffrey Sullivan,zroberts@example.org,2025-03-28,PREMIUM
164,Travis Stevens,christopher13@example.com,2025-10-19,REGULAR
165,Blake Harrell,jeffrey21@example.net,2025-11-22,PREMIUM
166,Jordan Bullock,michael23@example.org,2024-11-09,REGULAR
167,Christopher Hernandez,thompsonkendra@example.com,2025-07-14,REGULAR
168,Olivia Cole,michelle52@example.com,2024-09-10,REGULAR
169,Mark Hogan,bellcharles@example.com,2025-07-05,PREMIUM
170,Jacob Mitchell,gilbertwilliam@example.com,2025-10-12,PREMIUM
171,Rebecca Huang,kstout@example.net,2024-12-12,REGULAR
172,John Hernandez,hayeslisa@example.com,2026-01-24,PREMIUM
173,Matthew Williams,hritter@example.net,2025-11-04,REGULAR
174,Jake Campbell,rschroeder@example.net,2024-08-28,PREMIUM
175,Maria Jones,grantpaul@example.com,2026-02-01,REGULAR
176,Tracey Morrison,mathewaguilar@example.org,2026-07-01,REGULAR
177,Walter Hale,tanderson@example.org,2025-03-16,VIP
178,Maria Murphy,elizabethcalderon@example.net,2026-01-02,REGULAR
179,Anna Santiago,andrew42@example.org,2025-04-10,PREMIUM
180,Katelyn Perez,ericphillips@example.org,2025-08-17,VIP
181,Sandy Stephenson,stanleynancy@example.net,2024-10-28,PREMIUM
182,Brittany White,jenniferwilliams@example.com,2025-12-26,REGULAR
183,Tracy Bishop,pyoung@example.com,2026-04-08,REGULAR
184,Stephanie Lee,smurray@example.com,2025-08-13,PREMIUM
185,Tracy Montoya,moniquewilliams@example.com,2026-05-28,PREMIUM
186,Timothy Dawson,mitchellkathryn@example.com,2025-07-02,REGULAR
187,Brittany Kim,lisawilkerson@example.org,2025-06-06,VIP
188,Jonathan Young,brooksanthony@example.org,2026-05-01,PREMIUM
189,Gabriela Thomas,mitchellmaria@example.net,2026-04-25,VIP
190,Michael West,bullockandrew@example.org,2026-04-28,PREMIUM
191,Todd Lynch,srodriguez@example.org,2025-03-09,PREMIUM
192,David Fowler,fbrown@example.net,2025-09-08,REGULAR
193,Jose Allen,kellysmith@example.com,2025-01-21,REGULAR
194,Chelsea Barnett,carlos88@example.net,2026-03-21,REGULAR
195,Kristen Myers DDS,qzavala@example.net,2024-07-31,REGULAR
196,Austin Allen,ingramjill@example.com,2024-10-30,REGULAR
197,Joshua Li,mariacohen@example.net,2025-07-25,PREMIUM
198,Robin Brown,mjohnson@example.org,2026-03-25,REGULAR
199,Andrew Mahoney,ihays@example.com,2025-01-31,PREMIUM
200,Matthew Mitchell,glennmartin@example.org,2026-03-31,PREMIUM
201,Steve Paul,lmorgan@example.com,2026-01-07,PREMIUM
202,Tim Stone PhD,mmiller@example.org,2025-09-15,REGULAR
203,Brian Murphy,kirk96@example.org,2026-01-05,REGULAR
204,Jeremy Acosta,christina64@example.net,2026-03-25,VIP
205,Angela Walsh,william20@example.org,2026-05-09,REGULAR
206,Rachael Johnson,youngdeanna@example.com,2025-05-12,REGULAR
207,Amanda Hernandez,xrush@example.com,2026-03-03,VIP
208,Chad Richardson,debra31@example.org,2026-02-10,PREMIUM
209,Joseph Mcintyre,greenjorge@example.com,2025-01-01,PREMIUM
210,Donna Hendricks DDS,taylorcharles@example.org,2026-06-17,PREMIUM
211,Yolanda Cochran,elizabeth18@example.net,2025-03-01,REGULAR
212,Sarah Joseph,laurahicks@example.org,2024-12-22,PREMIUM
213,Cynthia Snyder,angela57@example.net,2024-10-27,PREMIUM
214,Angelica Parker,xfox@example.com,2026-04-19,PREMIUM
215,Beth Stewart,coleerin@example.com,2024-10-26,PREMIUM
216,Penny Bowman,katrinaanderson@example.net,2026-06-26,REGULAR
217,Sandra Holmes,fred53@example.com,2025-08-26,VIP
218,Sarah King,david49@example.net,2024-09-29,REGULAR
219,Caroline David,georgeweber@example.net,2025-04-07,REGULAR
220,Kristy Bryan,millerstacy@example.net,2025-02-09,REGULAR
221,Pamela Butler,jimenezcourtney@example.com,2025-11-29,REGULAR
222,Karen Ballard,eevans@example.net,2024-09-03,PREMIUM
223,Jason Marshall,catherine55@example.net,2026-05-18,VIP
224,James Hodges,floressteven@example.com,2025-07-03,REGULAR
225,Brent Roberts,alin@example.org,2026-05-22,REGULAR
226,Robin Peck,james27@example.net,2025-07-16,PREMIUM
227,Mr. Alexander Landry MD,jasongomez@example.org,2025-02-22,PREMIUM
228,Stephen Pena MD,booneryan@example.com,2026-02-04,REGULAR
229,Jamie Williams,hudsonjames@example.net,2025-02-28,PREMIUM
230,Jonathan Duran,marcia99@example.org,2024-10-26,REGULAR
231,Jennifer Norton,angela52@example.org,2025-10-29,REGULAR
232,Kathryn Williams,jenniferbrock@example.net,2025-07-08,REGULAR
233,Steven Taylor,francisco94@example.net,2025-04-06,REGULAR
234,Katrina Burns,thomas05@example.com,2025-12-24,REGULAR
235,Jason Parker,carlsonjoseph@example.net,2026-03-19,REGULAR
236,Laura Perez,silvageorge@example.net,2026-01-30,REGULAR
237,Sarah Hernandez,anthonyvaughan@example.org,2024-12-14,VIP
238,Erik Hernandez,roberthampton@@example.com,2026-05-27,REGULAR
239,Monica Thornton,annbolton@,2025-08-31,REGULAR
240,Tyler Stevens,amy49@example.com,2024-12-15,PREMIUM
241,Diana Evans,kellie37@example.com,2025-07-26,REGULAR
242,Timothy Pope,keith98@example.com,2026-06-14,PREMIUM
243,Sabrina Blevins,kellyroberts@example.net,2024-09-18,REGULAR
244,Jeremy Scott,ilewis@example.com,2026-07-13,REGULAR
245,Denise Rodriguez,johnsantiago@example.net,2025-01-10,PREMIUM
246,Amy Gutierrez,xgarcia@example.org,2024-07-23,PREMIUM
247,Vanessa Moore,mwoods@example.com,2025-03-25,VIP
248,Anthony Mack,amandasharp@example.org,2026-06-28,REGULAR
249,Jennifer Monroe,osbornrandy@example.com,2024-12-10,REGULAR
250,Tonya Howe,smithashley@example.org,2026-07-10,REGULAR
251,Mrs. Virginia Daniels,ismall@example.net,2025-07-17,PREMIUM
252,Robert Rivera,twong@example.org,2024-07-29,REGULAR
253,Rachel Bradley,gregorychase@example.com,2026-04-22,REGULAR
254,Garrett Morales,lopezdonald@example.com,2026-07-15,PREMIUM
255,Dean Young,stephanie49@example.net,2025-10-06,VIP
256,Matthew Schwartz,contrerassteven@example.org,2025-05-29,PREMIUM
257,Tammy Barron,hannah45@example.net,2025-01-06,PREMIUM
258,Casey Hernandez,robert87@example.net,2026-04-02,VIP
259,Colleen Wright,foxallison@example.com,2024-09-17,REGULAR
260,Ashley Poole,ashleyhernandez@example.com,2026-05-13,REGULAR
261,Audrey Harris,gdavis@example.com,2026-04-08,REGULAR
262,Carlos Perry,hansenemily@example.com,2026-01-31,REGULAR
263,David Smith,bethwilliams@example.com,2026-01-14,REGULAR
264,Zachary Michael,andersenthomas@example.com,2025-06-01,VIP
265,Chad May,ybrooks@example.com,2026-05-25,REGULAR
266,Jamie Miller,desireebailey@example.org,2025-09-09,REGULAR
267,Cameron Irwin,avilatiffany@example.com,2025-12-24,PREMIUM
268,Jessica Gray,johnreed@example.com,2024-12-12,REGULAR
269,Molly Rodriguez,bmendez@example.org,2024-12-26,REGULAR
270,Kirk Griffin,sanchezbradley@example.com,2025-01-17,REGULAR
271,Nicole Parsons,williamroberts@example.net,2025-10-09,REGULAR
272,Kyle Chambers,joel28@example.org,2025-06-05,REGULAR
273,Antonio Fry,conniesimmons@example.com,2024-08-24,PREMIUM
274,Teresa Powers,heather62@example.com,2025-05-07,PREMIUM
275,Joshua Allen,kevinzimmerman@example.com,2026-06-29,PREMIUM
276,Jason Butler,paulscott@example.com,2025-12-03,PREMIUM
277,Jerry Watson,brettbennett@example.net,2025-10-30,REGULAR
278,Benjamin Ballard,timothybooth@example.com,2025-03-11,PREMIUM
279,Alexis Giles,burgesskaren@example.org,2026-01-10,REGULAR
280,Christine Herman,kimberly67@,2025-12-04,PREMIUM
281,Dennis Hunt,zowens@example.net,2025-07-18,VIP
282,Erica Harris,robert93@example.net,2024-11-09,PREMIUM
283,Juan Silva,mphillips@example.com,2025-01-13,REGULAR
284,Roy Porter,jonathan77@example.com,2024-11-26,VIP
285,Heather Taylor,iwhite@example.net,2024-09-02,PREMIUM
286,Sara Jones,duranrobert@example.net,2025-01-14,REGULAR
287,Chris Robinson,nbrooks@example.net,2025-12-18,PREMIUM
288,Susan Hopkins,smithandrea@example.org,2024-07-31,PREMIUM
289,Denise Madden,shawheidi@example.com,2026-04-06,REGULAR
290,Cassie Hull,johnharvey@example.com,2026-04-13,REGULAR
291,Robert Miller,pstevens@example.net,2025-01-10,REGULAR
292,Ronald Miller,davisnicholas@example.net,2025-07-23,REGULAR
293,Adam Jackson,pbruce@example.com,2025-10-01,REGULAR
294,Valerie Jacobson,hallrachel@example.net,2026-06-08,PREMIUM
295,Denise Glass,rachel90@example.org,2026-07-10,PREMIUM
296,Alexis Clark,karenmarquez@example.com,2026-07-10,REGULAR
297,Christopher Allen,irhodesexample.com,2025-05-13,REGULAR
298,Brenda Hinton,masonterri@example.org,2024-10-02,REGULAR
299,Ryan Peterson,unovak@example.org,2025-11-23,PREMIUM
300,Willie Henry,angela66@example.org,2025-12-28,REGULAR
301,Jamie Barton,lauren11@example.com,2024-11-15,REGULAR
302,Richard Moore,gstewart@example.org,2024-07-23,PREMIUM
303,Jill Juarez,andersonjacob@example.com,2025-09-24,REGULAR
304,Jennifer Johnson,angela99@example.com,2026-05-20,REGULAR
305,Edgar Hughes,hardyanita@example.org,2025-10-06,PREMIUM
306,Melissa Jackson,kevin72@example.org,2024-11-25,PREMIUM
307,Jason Washington,wardsheryl@example.net,2025-11-16,REGULAR
308,Luis Ellis Jr.,rushmartin@example.net,2025-05-10,REGULAR
309,Erin Cook,kevinmorrison@example.net,2024-12-22,REGULAR
310,Christopher Sanders,kelly79@example.org,2025-03-29,REGULAR
311,Robert Long,frederickjames@example.net,2024-12-05,REGULAR
312,Krista Benton,nhahn@example.com,2026-03-30,VIP
313,Michael Fuentes,ichambers@example.net,2025-03-11,REGULAR
314,Matthew Espinoza,mjones@example.com,2025-10-14,REGULAR
315,Jonathon Knapp,ystephens@example.com,2026-01-14,REGULAR
316,Kimberly Little,rodriguezjohn@@example.net,2025-04-20,REGULAR
317,Lonnie Hart,vrasmussen@example.com,2024-10-09,REGULAR
318,David Dixon,seanmyers@example.net,2025-10-19,VIP
319,Brittany Cuevas,agarcia@example.org,2024-10-17,PREMIUM
320,Monica Bailey,stanley38@example.com,2025-04-15,REGULAR
321,Jeffrey Horton,carlos01@example.org,2026-05-09,REGULAR
322,Brian Marsh,zacharyarnold@example.com,2025-09-26,VIP
323,Joel Salinas,jacobsandoval@example.com,2024-08-10,PREMIUM
324,Sonya Cole,tprice@example.org,2024-12-25,REGULAR
325,Michael Flynn,lloydamanda@example.com,2025-03-29,REGULAR
326,Brian Lambert,orose@example.com,2025-10-25,REGULAR
327,James Wilson,megan92@example.net,2026-01-18,VIP
328,Tamara Lawrence,lawrenceallen@example.org,2024-12-08,REGULAR
329,Charles Price,baileyhenderson@example.com,2025-11-24,REGULAR
330,Tamara Arias,angelaburns@example.org,2024-12-11,REGULAR
331,Jerry Brown,stephanie72@example.org,2026-04-13,REGULAR
332,Justin Delgado,acohen@example.net,2026-05-02,REGULAR
333,Christopher Cunningham,kellyhill@example.net,2025-02-28,REGULAR
334,Jim Newton,hdunn@example.net,2024-10-15,REGULAR
335,Joshua Ritter,wolfscott@example.org,2025-06-14,REGULAR
336,Ronald Potter,nancy07@example.com,2025-04-15,REGULAR
337,Angie Grimes,rowejoel@example.net,2025-10-18,REGULAR
338,Shannon Bishop,imartin@example.org,2026-04-11,REGULAR
339,Anthony Bell,candice25@example.net,2025-03-03,REGULAR
340,Derek Hodge,taylorkaren@example.com,2026-07-02,REGULAR
341,Donald Rios,johndawson@example.org,2026-03-02,REGULAR
342,Jenna Thomas,courtney67@example.org,2025-11-23,PREMIUM
343,Patricia Powell,heather57@example.com,2025-03-30,REGULAR
344,Sheila Boone,simonstephen@example.net,2026-01-11,PREMIUM
345,Arthur Ferguson,tammysummers@example.com,2025-02-12,PREMIUM
346,Drew Kelley,ashleewashington@example.com,2026-06-13,REGULAR
347,Amber Garcia,ksmith@example.com,2025-07-08,REGULAR
348,Tyler Harris,nicoleturner@example.com,2024-09-29,REGULAR
349,Danielle Watson,brettgarrett@example.net,2026-01-13,PREMIUM
350,Jessica Davis,smiththomas@example.org,2025-10-23,PREMIUM
351,Michael Smith,lisa62@example.com,2024-09-12,REGULAR
352,Brandon Shaffer,edwardsnicole@example.org,2025-05-12,REGULAR
353,Nicole Anderson,caseyelliott@example.net,2025-12-05,REGULAR
354,Gregory Lewis,samanthajensen@example.com,2026-05-17,REGULAR
355,Steven Taylor,lawrencepatrick@example.com,2025-03-20,PREMIUM
356,Danielle Newman,angelagreene@example.net,2025-02-25,REGULAR
357,Melissa Abbott,jamie98@example.org,2026-02-19,REGULAR
358,Matthew Bowers,troyrodriguez@example.com,2025-11-26,PREMIUM
359,Kelsey Levine,sarah26@example.net,2025-06-10,REGULAR
360,Michael Farmer,smithcarlos@example.com,2025-01-02,PREMIUM
361,Antonio Mccormick,courtney86@example.com,2026-01-15,PREMIUM
362,Martin Medina,joshuacollins@example.net,2026-07-04,REGULAR
363,Robert Herrera,wwillis@example.net,2025-12-29,REGULAR
364,Emily Kim,brianmiller@example.com,2024-10-17,REGULAR
365,Lee Parker,davidzimmerman@example.net,2024-07-27,VIP
366,Troy Mills,gary24@example.net,2026-06-07,REGULAR
367,Steven Rogers,enelson@example.com,2026-01-23,REGULAR
368,Lori Crawford,brian92@example.com,2024-11-18,REGULAR
369,Brian Berry,perezwilliam@example.org,2026-05-16,PREMIUM
370,Dana Ruiz,lmora@example.org,2025-09-21,PREMIUM
371,Michelle Rios,marcbutler@example.net,2025-03-24,REGULAR
372,Blake Watson,whitelinda@example.org,2025-05-26,REGULAR
373,John Campbell,mark87@example.org,2025-05-01,PREMIUM
374,Justin Torres,stevenvargas@example.com,2026-03-11,REGULAR
375,Morgan Payne,edwardrandolph@example.org,2025-01-15,REGULAR
376,Makayla Steele,tapiaaaron@example.net,2025-05-07,REGULAR
377,Monica Garcia,robertwoodward@example.org,2026-01-22,REGULAR
378,Andrew Hall,xhaynes@example.com,2026-02-19,REGULAR
379,Brendan Anderson,kjones@example.org,2025-06-21,REGULAR
380,Bianca Carter,sara65@example.com,2025-07-05,PREMIUM
381,Benjamin Harris,moorefrank@example.com,2025-03-19,REGULAR
382,Joshua Oconnell,shannonford@example.org,2024-09-27,PREMIUM
383,Michael Mckenzie,lewismelissa@example.org,2024-09-27,REGULAR
384,Tracy Foster,byrdjorge@,2024-08-12,REGULAR
385,Sarah Hawkins,codygarcia@example.org,2024-10-21,VIP
386,Ronald Haas,jamesmorales@example.net,2025-11-20,REGULAR
387,Angela Willis,johnsoncaleb@example.net,2025-06-28,REGULAR
388,Anna Boone,david70@example.org,2026-07-06,REGULAR
389,Samantha Foster,reyesronald@example.com,2025-01-01,PREMIUM
390,Denise Griffin,austinharvey@example.org,2025-12-03,REGULAR
391,Jason Pierce,millerpatrick@example.com,2024-12-20,REGULAR
392,Rebecca Wright,mayokimberly@example.com,2025-07-26,REGULAR
393,Kari Durham,paul20@example.com,2025-10-25,PREMIUM
394,Steven Osborne,stokesthomas@example.com,2026-03-06,PREMIUM
395,Crystal Moore,dianeadams@example.net,2024-08-31,VIP
396,Theresa Johnston,lkelly@example.org,2025-01-18,PREMIUM
397,Renee Wolfe,warnermichael@example.net,2025-09-29,REGULAR
398,Travis Copeland,lweaver@example.com,2024-08-17,VIP
399,David Robinson,nsmith@example.org,2026-04-06,REGULAR
400,Mitchell Sellers,brian29@example.net,2026-07-01,REGULAR
401,Brian Fox,susan56@example.net,2024-10-05,REGULAR
402,Frank Daugherty,fconner@example.net,2025-03-22,REGULAR
403,Wayne Steele,jeffrey92@example.com,2025-03-14,PREMIUM
404,Elizabeth Thompson,rushstacy@example.com,2026-05-10,REGULAR
405,Traci Johnson DDS,daniellegarcia@example.com,2024-11-05,REGULAR
406,Blake Reed,gary15@example.com,2024-07-27,PREMIUM
407,David Jones,kristin00@example.com,2025-06-24,REGULAR
408,Tracy Wilkerson,wmacias@example.net,2025-05-06,PREMIUM
409,John Shields,franciscojones@example.org,2025-03-05,REGULAR
410,Dean Garcia,george62@example.net,2024-09-15,REGULAR
411,Stephanie Davis,bbush@example.net,2024-11-24,PREMIUM
412,Jessica Brown,jamie36@example.net,2025-09-22,REGULAR
413,Monica Baker,kenneth10@example.com,2025-10-06,REGULAR
414,Katherine Brown,pattersonkelly@example.net,2025-11-16,REGULAR
415,Christina Johnson,daniellerowland@example.com,2026-05-05,REGULAR
416,Richard Ruiz,christopher86@example.org,2025-05-03,VIP
417,Jaclyn Griffin,scott43@example.com,2025-09-30,PREMIUM
418,Paul Contreras,barnettlindsey@example.com,2026-02-26,PREMIUM
419,Kristen Randall,rsheppard@example.com,2025-10-06,PREMIUM
420,Karen Miller,shawrachel@example.net,2025-12-27,REGULAR
421,Mrs. Tiffany Cole,teresastokes@example.org,2024-08-21,PREMIUM
422,William Graham,maryscott@example.net,2026-06-29,REGULAR
423,Angie Hawkins,melissa87@example.org,2026-03-21,REGULAR
424,Laurie Harrington,perryeddie@example.net,2025-10-14,VIP
425,Teresa Buckley,floydmikayla@example.com,2026-05-31,REGULAR
426,James Washington,rjohnson@example.com,2024-11-07,REGULAR
427,Melanie Morales,vpreston@example.net,2025-01-19,REGULAR
428,John Adams,andrew44@example.com,2026-05-04,VIP
429,Michael Garcia PhD,kevinmanning@example.com,2025-02-13,PREMIUM
430,Lisa Davis,alewis@example.net,2025-07-30,REGULAR
431,Sharon Nicholson,cameronmckinney@example.com,2024-11-01,REGULAR
432,Kelly Carroll,jameswhitaker@example.org,2025-01-28,PREMIUM
433,Anthony Ward,joshuacolon@example.net,2025-05-23,REGULAR
434,Becky Johnson,tracy72@example.com,2025-10-17,REGULAR
435,Hailey Monroe,kaitlyn14@example.org,2025-05-15,VIP
436,Scott Chan,mercedesholland@example.net,2024-12-26,REGULAR
437,Jason Smith,wellsdavid@example.org,2025-10-28,REGULAR
438,Courtney Franklin,jennifer46@,2026-05-11,VIP
439,David Owens,asilva@example.net,2025-12-15,REGULAR
440,Sara Hoffman,kenneth17@example.org,2025-04-06,REGULAR
441,Margaret Hensley MD,jacob83@example.org,2026-04-05,REGULAR
442,Rhonda Powell,erin07@example.com,2025-02-05,REGULAR
443,Jennifer Doyle,matthewreeves@example.net,2025-09-07,REGULAR
444,Karen Shepard,william28@example.org,2025-03-04,REGULAR
445,Carl Green,staceylam@example.net,2024-09-26,REGULAR
446,Daniel Savage,vfrench@example.com,2025-02-06,VIP
447,Julie Wilson,delacruzbrandy@example.net,2024-09-12,VIP
448,Cory Wilson,amoreno@example.org,2026-05-26,REGULAR
449,Brenda Gonzalez,dbenitez@example.org,2025-03-21,PREMIUM
450,Catherine Miller,crystal25@example.net,2024-09-02,REGULAR
451,Donald Juarez,barbaramoore@example.org,2024-10-27,REGULAR
452,Madeline Powell,creyes@example.net,2024-12-20,REGULAR
453,Tiffany Mcclain,andrewsmith@example.net,2025-01-28,REGULAR
454,Shawn Collins,reyesbrianna@example.org,2024-09-07,REGULAR
455,Elizabeth Carter,ryan25@example.com,2025-04-24,PREMIUM
456,Carmen Meadows,osmith@example.net,2024-10-28,PREMIUM
457,Alex Wagner,richardsondebra@example.org,2025-05-06,REGULAR
458,Dawn Nichols,wheelerbrandon@example.org,2025-12-08,REGULAR
459,Amber Wilson,jjames@example.com,2025-07-22,REGULAR
460,Christine Jennings,turnerdorothy@example.net,2025-08-27,PREMIUM
461,Larry Taylor,huntchristine@example.com,2024-10-15,REGULAR
462,Kathleen Lynch,marie35@example.net,2025-06-02,REGULAR
463,Andrew Crawford,haleycastillo@example.org,2024-07-21,REGULAR
464,Brandon Rodriguez,fhernandez@example.net,2024-09-15,REGULAR
465,Ashley Scott,stephenmadden@example.com,2025-07-14,PREMIUM
466,Robert Sawyer,michael56@example.net,2024-10-17,PREMIUM
467,Peter Williams,elizabethjackson@example.com,2026-06-13,PREMIUM
468,Marco Johns,watsonmatthew@example.org,2025-05-26,REGULAR
469,Jesus Houston,pmarsh@example.org,2024-10-14,VIP
470,Nicholas Jarvis,dalepruitt@example.com,2026-04-03,VIP
471,Jessica Carr,cheryl27@example.com,2024-10-14,PREMIUM
472,Jessica Brown,alexander89@example.net,2025-09-30,VIP
473,Tyler Marks,reynoldsjessica@example.com,2025-04-13,REGULAR
474,Margaret Hernandez,smithsarah@example.net,2026-05-09,REGULAR
475,Jon Martin,vflores@example.com,2024-08-27,REGULAR
476,Krista Gray,christianwallace@example.net,2025-07-02,PREMIUM
477,Jonathan Stewart,bmcgee@example.org,2025-05-28,PREMIUM
478,Justin Smith,connersylvia@example.net,2025-03-12,REGULAR
479,Kristina Pena,xclements@example.org,2026-04-14,REGULAR
480,Jesse Castro,xmoran@example.net,2025-07-05,REGULAR
481,Peter Walker,michael48@example.net,2025-05-05,REGULAR
482,Amber Martin,lydianewton@example.com,2024-10-10,PREMIUM
483,Craig Martinez,ylewis@example.org,2026-01-26,REGULAR
484,Peter Williams,bartonshannon@example.net,2025-10-19,REGULAR
485,Brandy Porter,tranryan@example.net,2025-07-29,REGULAR
486,Priscilla Kent,jessicaanderson@example.com,2025-12-11,REGULAR
487,Sonya Gordon,mbarnes@example.net,2026-03-03,REGULAR
488,James Cooper,shawn22@example.com,2025-10-29,PREMIUM
489,Nicole Evans,jennifer83@example.org,2024-12-28,VIP
490,Donna Reed,tinasantos@example.org,2025-08-14,PREMIUM
491,Mallory Page,anna99@example.net,2026-01-21,REGULAR
492,Paul Skinner,natalie60@example.net,2024-10-09,REGULAR
493,Charles Santiago,josephfloyd@example.com,2025-12-31,VIP
494,Ryan Vaughn,james80@example.com,2026-04-12,REGULAR
495,Luis Lowe,juliahoffman@example.org,2025-08-19,VIP
496,Rebecca Roberts,housepaul@example.net,2025-03-18,REGULAR
497,Amy Manning,christinenorman@example.com,2026-04-24,REGULAR
498,Mark Mckinney,kari89@example.org,2026-03-13,REGULAR
499,Cheryl Cole,lopezglenn@example.net,2024-10-19,REGULAR
500,Jeffrey Hawkins,eugenesingleton@example.org,2025-04-01,PREMIUM
501,Timothy Williams,candice94@example.com,2026-03-24,PREMIUM
502,Heather Bowers,alicia28@example.org,2026-03-21,REGULAR
503,Jennifer Herrera,baileynicole@example.net,2025-04-02,PREMIUM
504,Edward Clements,wbarajas@example.net,2024-07-25,REGULAR
505,Gregory Allen,susanfleming@example.com,2025-05-11,REGULAR
506,Theresa Cruz,angel85@example.net,2026-04-03,REGULAR
507,Katelyn Phillips,lukemiller@example.org,2024-11-26,PREMIUM
508,Patricia Ferguson,clarkcrystal@example.org,2026-05-21,REGULAR
509,Sara Harris,elucas@example.net,2026-01-02,REGULAR
510,Joe Rivera,jonesgregory@example.com,2025-09-25,REGULAR
511,Roberto Bartlett,ohughes@example.com,2025-06-20,REGULAR
512,James Wilson,maychristine@example.net,2025-10-16,PREMIUM
513,Ryan Howard,robertsgina@example.net,2024-09-24,REGULAR
514,Timothy James,wellsamanda@example.org,2026-02-19,REGULAR
515,Robert Gardner,kennetheaton@example.net,2025-12-04,REGULAR
516,Travis Spencer,davidsmith@example.net,2025-05-21,PREMIUM
517,Theresa Torres,jason82@example.org,2024-12-08,PREMIUM
518,Ruben Lee,emilybradley@example.org,2026-05-11,PREMIUM
519,Wanda Dunn,robertscarlos@example.org,2024-12-19,REGULAR
520,Katelyn Rivera,emilyyoung@example.com,2025-11-12,VIP
521,Corey Tucker,christina49@example.org,2025-10-01,PREMIUM
522,Rhonda Benjamin,adamsanchez@example.org,2026-01-23,REGULAR
523,Jessica Larsen,erinrivera@example.com,2025-07-13,VIP
524,Raymond Tucker,thompsoncatherine@example.com,2026-05-16,REGULAR
525,Stephanie Gonzalez,lunapatricia@example.net,2025-11-21,PREMIUM
526,Kevin Sullivan,rebeccaarnold@example.net,2026-06-13,VIP
527,Mrs. Patricia Diaz MD,dennis88@example.org,2025-05-23,REGULAR
528,Adam Allen,katherinetaylor@example.org,2024-12-05,REGULAR
529,Krystal Brennan,jillwebb@example.com,2024-08-19,REGULAR
530,John Brown,jim38@example.com,2025-05-16,REGULAR
531,Jesse Williams,dakota84@example.net,2025-02-08,REGULAR
532,Laura Bennett,pdiaz@example.org,2025-08-24,REGULAR
533,William Walker,wgomez@example.com,2026-03-26,PREMIUM
534,Mr. Jonathan Taylor,jerryrobertson@example.com,2024-12-30,PREMIUM
535,Christopher Guzman,guerrerorobert@example.com,2026-01-29,PREMIUM
536,Michael Mendoza,deborahjenkins@example.org,2024-08-21,REGULAR
537,Kevin Taylor,macdonalddylan@example.org,2025-02-04,REGULAR
538,Kellie Sullivan,johnsjessica@example.com,2024-09-23,REGULAR
539,Lawrence Ruiz,ajackson@example.net,2024-11-06,REGULAR
540,Samantha White,gary57@example.net,2025-10-20,REGULAR
541,James Anderson,harrismichele@example.net,2026-01-01,VIP
542,Chase Davis,mvalenzuela@example.org,2026-05-31,PREMIUM
543,Kathy Wilson,mhopkins@example.net,2026-04-22,REGULAR
544,Todd Gregory,xboyd@example.org,2026-01-11,PREMIUM
545,Crystal Lang,zbell@example.net,2026-06-24,REGULAR
546,Melissa Davis,jonathancannon@example.org,2025-02-24,REGULAR
547,Kimberly Scott,fletcherkristine@example.net,2025-08-28,REGULAR
548,Adam Pena,robert12@example.com,2025-12-07,PREMIUM
549,Deborah Herrera,cheryl63@example.com,2025-09-20,PREMIUM
550,Karen Wood,tking@example.net,2025-04-12,REGULAR
551,Jennifer Taylor,adkinssean@example.net,2024-11-21,REGULAR
552,Jordan Hartman,martintamara@example.org,2026-04-04,PREMIUM
553,Charles Frost,qdavis@example.org,2025-05-03,REGULAR
554,Andrew Cruz,hmendez@example.com,2026-01-22,REGULAR
555,Amy Ayala,daniellegonzales@example.org,2026-05-10,REGULAR
556,Regina Mitchell,bowerswilliam@example.net,2025-01-14,PREMIUM
557,Megan Ward,cantrellchristopher@example.com,2026-03-16,PREMIUM
558,Michael Sullivan,aprilmclaughlin@example.org,2026-07-02,REGULAR
559,Duane Gallegos,michael43@example.net,2024-12-17,VIP
560,Jared Smith,richardrodriguez@example.org,2025-08-13,REGULAR
561,Travis Pratt,nancy94@example.net,2025-06-27,PREMIUM
562,Kristine Carrillo,susan77@example.net,2026-05-19,REGULAR
563,Brian Jones,ericahallexample.com,2025-06-04,REGULAR
564,Kelli Smith,john16@example.net,2026-02-20,REGULAR
565,Angela Velazquez,nedwards@example.net,2025-02-12,REGULAR
566,Paul Conrad,victorgonzalez@example.net,2025-01-23,REGULAR
567,Christine Harris,marykelly@example.org,2024-10-20,REGULAR
568,Megan Alvarado,duranamber@example.org,2026-05-08,PREMIUM
569,Mr. Johnathan Galloway,travis84@example.com,2025-01-07,REGULAR
570,Bethany Fox,imendoza@example.org,2025-08-13,REGULAR
571,Scott Parsons,sbray@example.net,2025-07-11,REGULAR
572,Adam Craig,ucarpenter@example.com,2025-11-06,REGULAR
573,Chelsea Baker,thomas95@example.com,2024-12-08,REGULAR
574,Mr. Michael Watson PhD,shannon92@example.net,2026-01-02,REGULAR
575,Brett Nelson,angelachase@example.org,2024-11-09,REGULAR
576,Nancy Kennedy,thompsonvictor@example.net,2025-08-24,REGULAR
577,Emily Tucker,anna90@example.com,2024-10-03,REGULAR
578,Amy Cervantes,gcombs@example.com,2026-02-17,REGULAR
579,Isaac Castro,maurice61@example.com,2026-05-23,REGULAR
580,Lisa Ray,tiffanymitchell@,2025-12-23,VIP
581,Patricia Griffin,jamesjustin@example.net,2024-11-08,PREMIUM
582,Margaret Mcfarland,kwelch@example.com,2026-05-09,REGULAR
583,Angela Cooper,logan44@example.net,2025-12-01,REGULAR
584,Stephen Norman,julie87@example.com,2024-11-25,REGULAR
585,Alexander Luna,shelby13@example.org,2025-05-23,REGULAR
586,Arthur Johns,johnsonrandy@example.org,2024-10-07,REGULAR
587,Christopher Pena,pparker@example.net,2025-02-24,PREMIUM
588,Cameron Rose,anthonyalvarado@example.com,2026-05-21,REGULAR
589,William Fernandez,amy28@example.org,2025-10-20,REGULAR
590,Lynn Fields,omills@example.net,2025-03-16,REGULAR
591,Karen Perez,ramosmichael@example.com,2024-11-16,REGULAR
592,Aaron Ochoa,mauriceharrison@example.org,2026-01-04,VIP
593,Theresa Woods,cannonlauren@example.net,2025-01-14,VIP
594,Kimberly Lopez,kfoster@example.net,2026-02-11,PREMIUM
595,Sandra Walker,hendersonjohn@example.net,2026-04-07,REGULAR
596,Denise Wong,robert12@example.org,2025-02-28,REGULAR
597,Jesse Chavez,blopez@example.org,2024-08-26,REGULAR
598,Alison Compton,joseph70@example.org,2024-09-27,PREMIUM
599,Johnny Peterson,kristi75@example.com,2026-01-11,PREMIUM
600,Erin Bridges,brianrowe@example.org,2025-09-13,REGULAR
